TIC_ID,period,depth,duration,t0,SNR,CNN_score,is_candidate,status,TIC,ra,dec,Tmag,e_Tmag,Teff,Teff_source,Teff_imputed,logg,rad,mass,rho,lum,d,ebv,contratio,priority,SpType_est,Tmag_tier,bp_rp,j_k,total_pm,wdflag,lumclass,objType,GAIA,TWOMASS,ALLWISE,predicted_class,confidence,failed_heuristics,prob_planet,prob_eclipsing_binary,prob_planet_candidate,prob_false_positive,prob_noise
TIC_468184895,0.571809,0.00665134,0.0345,1628.422476,65.918,0.4544,0,ok,468184895,317.195180931356,-88.956503248696,5.1773,0.0066,7260.0,catalog,False,3.42791,4.08483,1.63,0.0239147,41.7627754,89.9499,0.0,0.0008927956,0.00151780562,F,<10,0.4026700000000005,0.0599999999999996,27.25469959412688,0,DWARF,STAR,6.341181494973204e+18,21084697-8857236,J210847.95-885723.6,eclipsing_binary,0.8228,radius_outlier,0.0135,0.8228,0.1546,0.0,0.0091
TIC_419666736,0.61106,0.0048341,0.0475,1628.300821,76.519,0.9833,1,ok,419666736,341.375922232319,-88.8182944836866,6.2779,0.0061,7446.0,catalog,False,3.76613,2.83443,1.71,0.0750933,22.2493229,103.358,0.0398866,0.0140985493,0.00246133073,F,<10,0.4109700000000007,0.1420000000000003,42.17695389724109,0,DWARF,STAR,6.341236711072311e+18,22453081-8849059,J224531.67-884906.2,eclipsing_binary,0.9446,,0.0013,0.9446,0.0531,0.0,0.001
TIC_290492819,1.815697,0.00013866,0.327,1629.069769,35.153,0.2439,0,ok,290492819,241.476207148048,-89.3085475823068,7.4418,0.006,6742.0,catalog,False,4.3106,1.38968,1.44,0.536565,3.59481382,77.8277,0.0,0.00199108,0.005992393,F,<10,0.5362199999999993,0.1979999999999995,46.64735055155865,0,DWARF,STAR,5.76466288087049e+18,16055375-8918306,J160552.72-891831.2,planet_candidate,0.8923,,0.0833,0.021,0.8923,0.0,0.0035
TIC_468155076,1.034395,0.00573178,0.0475,1654.456281,71.534,1.0,1,ok,468155076,309.385535650918,-88.110725593802,8.6067,0.0061,8064.0,catalog,False,3.59689,3.68736,1.96,0.0390941,51.799675,414.481,0.0891965,0.003124245,0.000960027566,A,<10,0.3434799999999995,0.1790000000000002,4.552596628705425,0,DWARF,STAR,6.341515849586564e+18,20373265-8806383,J203732.64-880638.6,planet_candidate,0.6612,radius_outlier,0.0004,0.3273,0.6612,0.0,0.0111
TIC_401819729,0.522466,0.00507393,0.327,2036.63307,239.791,0.0011,0,ok,401819729,335.919825869006,-88.8952694818237,9.3905,0.006,6940.0,catalog,False,4.03078,1.97044,1.52,0.198678,8.114488,263.083,0.0761209,0.0133328326,0.00176307186,F,<10,0.5829399999999989,0.2100000000000008,9.682804903714626,0,DWARF,STAR,6.341231763269996e+18,22234093-8853429,J222340.98-885342.8,planet_candidate,0.8853,,0.0112,0.1033,0.8853,0.0,0.0001
TIC_257772053,1.244371,0.00200652,0.327,2036.49794,46.545,0.0032,0,ok,257772053,33.462890458861,-87.8636003087629,9.1284,0.006,6762.0,catalog,False,3.65492,2.96658,1.45,0.0555393,16.5770454,332.481,0.0921484,0.0060556205,0.00112451,F,<10,0.6509799999999988,0.1950000000000002,25.304830228652,0,DWARF,STAR,4.612197948466635e+18,02135122-8751490,J021351.63-875148.9,planet_candidate,0.955,,0.0017,0.0423,0.955,0.0,0.001
TIC_346745925,1.678829,0.00426533,0.327,1628.79178,77.677,0.0004,0,ok,346745925,287.053521605074,-88.8218089794363,9.7448,0.0061,6077.0,catalog,False,3.39475,3.54906,1.14,0.0255015,15.4766636,429.821,0.131785,0.0342827961,0.0005894531,F,<10,0.90095,0.3740000000000005,1.3703805029857072,0,DWARF,STAR,6.341376658287022e+18,19081282-8849184,J190812.90-884918.4,planet_candidate,0.786,radius_outlier,0.0009,0.1881,0.786,0.0,0.025
TIC_267194964,4.049832,0.00023183,0.327,1628.975539,37.721,0.2329,0,ok,267194964,52.4149445276753,-88.2465874672294,7.6539,0.006,5718.0,catalog,False,4.1754,1.36658,1.02,0.399663,1.79863,64.6072,0.0,0.0029439982,0.006110144,G,<10,0.8477899999999998,0.3850000000000007,114.53842804203312,0,DWARF,STAR,4.612119260368658e+18,03293970-8814478,J032941.54-881446.8,planet_candidate,0.7547,,0.1925,0.0316,0.7547,0.0,0.0212
TIC_410305216,13.172269,0.00267824,0.327,1639.52898,49.312,0.2575,0,ok,410305216,7.81626887427873,-88.9216694116305,10.5008,0.006,6009.0,catalog,False,4.55977,0.915821,1.11,1.44508,0.985200047,166.104,0.0535333,0.0224644672,0.00294675352,F,10-12,0.8192000000000004,0.354000000000001,21.36631508997927,0,DWARF,STAR,4.611988663300577e+18,00311591-8855180,J003115.41-885517.9,planet_candidate,0.9201,,0.0619,0.0154,0.9201,0.0,0.0026
TIC_302994978,14.594595,0.00504162,0.327,1638.83507,48.531,0.9542,1,ok,302994978,40.4753931731804,-88.4341230651577,10.6926,0.006,5707.0,catalog,False,4.57469,0.86296,1.02,1.58719,0.7117166,155.999,0.0553892,0.0390981957,0.002893409,G,10-12,0.9147999999999996,0.4329999999999998,23.19725182964784,0,DWARF,STAR,4.612019002949329e+18,02415412-8826028,J024153.65-882602.9,planet_candidate,0.9376,,0.0576,0.0041,0.9376,0.0,0.0008
TIC_468186783,0.667496,0.0023829,0.0345,2036.591838,33.968,0.2526,0,ok,468186783,318.599019949585,-88.9338678155813,11.2297,0.0063,5487.0,catalog,False,,1.02234,,,,210.989,,0.0190242417,0.00150366989,G,10-12,0.9215,0.4510000000000005,22.336517185989404,0,DWARF,STAR,6.341187434911349e+18,21142426-8856019,J211424.06-885601.7,planet_candidate,0.9688,,0.0112,0.0184,0.9688,0.0,0.0016
TIC_317154919,2.040535,0.00024163,0.327,1629.098101,42.382,0.2295,0,ok,317154919,76.9039298631908,-88.8702753544745,8.6111,0.006,8484.0,catalog,False,4.37265,1.56621,2.11,0.549198,11.4498482,191.442,0.0627328,0.09753317,0.00356221059,A,<10,0.2332900000000002,0.0120000000000004,16.02687476841633,0,DWARF,STAR,4.611841874200628e+18,05073676-8852128,J050737.08-885212.7,planet_candidate,0.6703,,0.0092,0.3152,0.6703,0.0,0.0054
TIC_318612552,13.995113,0.01303019,0.327,2048.204033,29.197,1.0,1,ok,318612552,6.84665812053892,-87.6951829145339,12.7821,0.00734415,3683.0,catalog,False,4.70307,0.539434,0.535652,3.41246,0.04823677,112.68,0.0426075,2.98404765,0.001039675,M,12-13,2.1074,0.815999999999999,77.45634359804497,0,DWARF,STAR,4.612907477063692e+18,00272334-8741425,J002724.39-874142.7,planet_candidate,0.9462,,0.052,0.0012,0.9462,0.0,0.0005
TIC_257387983,0.517914,0.00022936,0.0905,1628.245904,22.752,0.2264,0,ok,257387983,344.460971878627,-87.8771610953558,9.1934,0.006,7814.0,catalog,False,4.23075,1.73147,1.86,0.358321,10.069684,248.263,0.0787572,0.002839155,0.002354923,A,<10,0.3808699999999998,0.1159999999999996,13.294039791861614,0,DWARF,STAR,6.341712623511284e+18,22575053-8752378,J225750.87-875237.7,planet_candidate,0.8629,,0.0046,0.1285,0.8629,0.0,0.004
TIC_257738254,10.427696,0.0005176,0.327,2043.16248,28.645,0.255,0,ok,257738254,32.3227374477731,-89.136851236344,9.6801,0.006,6309.0,catalog,False,3.71066,2.57286,1.24,0.0728072,9.448624,337.583,0.0806318,0.09747909,0.001012058,F,<10,0.7652800000000006,0.2970000000000006,10.965420828763891,0,DWARF,STAR,4.611785150569937e+18,02091692-8908126,J020917.02-890812.6,planet_candidate,0.9049,,0.0017,0.0913,0.9049,0.0,0.002
TIC_415972720,14.596849,0.00133113,0.327,1639.490695,24.881,0.2756,0,ok,415972720,345.831636552551,-89.6612208312961,9.7904,0.006,6530.0,catalog,False,4.49919,1.08294,1.35,1.06296,1.92114282,159.795,0.0674203,0.0122490916,0.00350537756,F,<10,0.6835500000000003,0.3119999999999994,33.64236787579019,0,DWARF,STAR,6.341080408622669e+18,23031966-8939404,J230322.30-893940.1,planet_candidate,0.9367,,0.0244,0.0376,0.9367,0.0,0.0013
TIC_401821603,5.356451,0.00145368,0.327,1632.503133,25.069,0.1714,0,ok,401821603,350.964208480583,-89.4215686480972,10.7523,0.0061,5960.0,catalog,False,4.56146,0.905767,1.09,1.46682,0.9326365,179.083,0.0695622,0.0266183466,0.00252718222,G,10-12,0.8548000000000009,0.3929999999999989,4.363144616305997,0,DWARF,STAR,6.341107415376968e+18,23235072-8925176,J232351.02-892517.5,planet_candidate,0.9839,,0.0129,0.0025,0.9839,0.0,0.0008
TIC_274151135,12.645481,0.00053888,0.327,2046.775467,21.667,0.2512,0,ok,274151135,146.0625439773,-89.4715519906023,10.2809,0.006,4664.0,catalog,False,4.55045,0.755833,0.74,1.71378,0.243545473,79.5225,0.0,0.100496516,0.004444385,K,10-12,1.2734999999999983,0.6839999999999993,20.444515806858814,0,DWARF,STAR,5.188175980806171e+18,09441361-8928174,J094413.42-892817.4,planet_candidate,0.9792,,0.0202,0.0002,0.9792,0.0,0.0004
TIC_318614521,14.1502,0.00099209,0.237,1639.534229,18.591,0.289,0,ok,318614521,322.040544804871,-88.1365349871609,9.39869,0.00740207,3953.0,catalog,False,4.62267,0.634102,0.615068,2.41238,0.08845456,32.2922,0.0,0.01608332,0.009473058,K,<10,1.81222,0.8009999999999993,127.20081612332524,0,DWARF,STAR,6.341503273920379e+18,21280949-8808114,J212807.44-880810.8,planet_candidate,0.6085,,0.391,0.0002,0.6085,0.0,0.0003
TIC_274226401,14.594595,0.0011934,0.327,1639.520653,18.461,0.3061,0,ok,274226401,29.7857751753862,-87.9506755193559,10.4337,0.006,4792.0,catalog,False,4.57527,0.749281,0.77,1.83044,0.266717643,89.8392,0.0,0.0131075475,0.00425100746,K,10-12,1.2057000000000002,0.5760000000000005,48.04522591069793,0,DWARF,STAR,4.612106207962881e+18,01590860-8757025,J015909.07-875701.9,planet_candidate,0.9177,,0.0775,0.0007,0.9177,0.0,0.0041
TIC_2054445521,1.66154,5.922e-05,0.327,1628.333625,13.965,0.2468,0,ok,2054445521,349.988095158774,-87.5567594434389,9.6999,0.006,6288.0,catalog,False,4.50858,1.02258,1.23,1.15031,1.47277784,138.245,0.0527191,3.230868,0.00236192252,F,<10,0.7347399999999986,,43.87778660598094,0,DWARF,STAR,6.341697127270691e+18,,,planet_candidate,0.9877,,0.0028,0.009,0.9877,0.0,0.0005
TIC_257726702,1.66154,5.922e-05,0.327,1628.333625,13.965,0.2468,0,ok,257726702,349.983175749127,-87.556221466339,8.3743,0.006,6706.0,catalog,False,4.1141,1.73033,1.42,0.274096,5.4551363,140.425,0.0533389,0.287925,0.003076955,F,<10,0.61557,0.2589999999999994,41.51155797244907,0,DWARF,STAR,6.341697131566303e+18,23195602-8733226,J231956.78-873322.6,planet_candidate,0.9554,,0.0137,0.0035,0.9554,0.0,0.0273
TIC_274226393,14.683995,0.00018041,0.327,2050.247954,10.147,0.2545,0,ok,274226393,29.5667521636777,-87.9162545112874,8.7826,0.006,6428.0,catalog,False,3.78793,2.41014,1.3,0.0928571,8.934778,217.489,0.0704386,0.0106041087,0.0017810819,F,<10,0.7168899999999994,0.2519999999999989,26.600478822758063,0,DWARF,STAR,4.612106482843161e+18,01581602-8754586,J015816.49-875458.3,planet_candidate,0.9612,,0.0042,0.0052,0.9612,0.0,0.0293
TIC_274228124,14.596849,0.00047548,0.172,1639.420586,8.54,0.2499,0,ok,274228124,31.7171453690603,-88.5837741126322,9.3324,0.006,5593.0,catalog,False,4.55028,0.874405,0.99,1.4808,0.674060643,85.8969,0.0,0.0290155075,0.00627301866,G,<10,0.8795099999999998,0.4269999999999996,140.61372991528958,0,DWARF,STAR,4.612022645081609e+18,02065183-8835017,J020648.71-883502.3,planet_candidate,0.8572,,0.1214,0.0001,0.8572,0.0,0.0213
TIC_405467230,1.427821,4.381e-05,0.327,1629.012152,9.593,0.249,0,ok,405467230,11.3851964977614,-89.1690108524588,9.0608,0.006,5967.0,catalog,False,3.98422,1.76051,1.09,0.199761,3.5399375,161.704,0.0590938,0.009192746,0.002478174,G,<10,0.8391699999999993,0.3810000000000002,63.04730811717896,0,DWARF,STAR,4.611782058193541e+18,00453286-8910085,J004535.33-891008.5,planet_candidate,0.986,,0.0085,0.0037,0.986,0.0,0.0018
TIC_410306905,4.883721,9.571e-05,0.327,1629.721123,8.025,0.2424,0,ok,410306905,8.47139315463347,-88.6220970203171,8.8299,0.006,6259.0,catalog,False,4.42004,1.12771,1.22,0.850691,1.75835526,103.081,0.0353873,0.00848214,0.005359332,F,<10,0.7207299999999996,0.2880000000000002,25.269650693844188,0,DWARF,STAR,4.61204580354543e+18,00335314-8837197,J003352.54-883719.4,planet_candidate,0.9978,,0.0004,0.0,0.9978,0.0,0.0017
TIC_270278652,14.541819,0.00038296,0.237,1639.112553,8.796,0.2576,0,ok,270278652,18.1593335173818,-87.8646873995469,9.3657,0.006,6049.0,catalog,False,4.2459,1.32624,1.13,0.484414,2.12163377,144.361,0.0522267,0.0205924567,0.003300967,F,<10,0.8054100000000002,0.3539999999999992,44.46581737660964,0,DWARF,STAR,4.612866451536104e+18,01123778-8751528,J011237.54-875153.1,planet_candidate,0.8787,,0.0185,0.0003,0.8787,0.0,0.1025
TIC_405478524,1.462089,8.562e-05,0.327,2036.829994,8.292,0.2356,0,ok,405478524,17.4413116753081,-87.6946900562176,9.7756,0.006,7177.0,catalog,False,4.12079,1.82263,1.6,0.264254,7.94082165,304.176,0.0800143,0.0132734571,0.00164419017,F,<10,0.5277600000000007,0.1789999999999985,25.50786005018845,0,DWARF,STAR,4.612918472179942e+18,01094575-8741409,J010946.24-874140.8,planet_candidate,0.9871,,0.0002,0.0055,0.9871,0.0,0.0073
TIC_410390728,10.587549,8.037e-05,0.172,1633.493637,7.139,0.2507,0,ok,410390728,73.0884757982248,-89.2739046428677,8.6276,0.006,7922.0,catalog,False,3.9979,2.28801,1.9,0.158627,18.57598,257.494,0.0766043,0.004631631,0.00203873753,A,<10,0.3556699999999999,0.1050000000000004,32.09490495795244,0,DWARF,STAR,4.611734916632362e+18,04522102-8916260,J045222.47-891625.8,planet_candidate,0.7357,,0.0002,0.0009,0.7357,0.0,0.2632
TIC_327853078,1.363446,2.94e-05,0.327,1629.150631,8.064,0.2467,0,ok,327853078,356.834977071184,-88.2840087795477,8.6635,0.006,7397.0,catalog,False,4.11857,1.87798,1.69,0.255161,9.512592,199.367,0.061765,0.00386686018,0.00265262532,F,<10,0.4510199999999997,0.1209999999999986,19.12013215962693,0,DWARF,STAR,6.341641193912189e+18,23472024-8817024,J234720.79-881702.5,planet_candidate,0.7226,,0.0009,0.0042,0.7226,0.0,0.2723
TIC_401796943,3.564639,7.128e-05,0.1245,1628.350934,6.8,0.2511,0,ok,401796943,335.438938001178,-87.8054715148716,8.6114,0.006,5592.0,catalog,False,4.50207,0.924304,0.99,1.25369,0.752649546,65.1284,0.0,0.00321343727,0.007712829,G,<10,0.8799599999999987,0.4100000000000001,250.18581850296792,0,DWARF,STAR,6.341722660852131e+18,22214548-8748198,J222147.79-874821.9,planet_candidate,0.9893,,0.0026,0.0004,0.9893,0.0,0.0077
TIC_318612553,1.449536,0.00010754,0.237,1629.382577,7.674,0.2291,0,ok,318612553,6.79225751807982,-87.6983198850368,10.8234,0.006,4858.0,catalog,False,4.53865,0.791634,0.79,1.5924,0.314466149,112.318,0.0427897,0.151848853,0.00289406115,K,10-12,1.2292000000000003,0.6029999999999998,78.00805212906165,0,DWARF,STAR,4.612907472766634e+18,00271023-8741538,J002711.56-874153.9,planet_candidate,0.9973,,0.0018,0.0007,0.9973,0.0,0.0002
TIC_321154297,1.374,7.027e-05,0.327,2036.892581,7.442,0.2372,0,ok,321154297,347.243872852826,-88.2181091345182,9.6858,0.006,6320.0,catalog,False,3.93612,1.99264,1.25,0.157989,5.70714331,262.648,0.0813884,0.0314755738,0.00147830683,F,<10,0.7629999999999999,0.3399999999999998,31.76555911969597,0,DWARF,STAR,6.341650780279472e+18,23085854-8813051,J230859.25-881305.3,planet_candidate,0.979,,0.001,0.0113,0.979,0.0,0.0088
TIC_317351809,5.729094,0.00051611,0.172,1631.499108,6.783,0.2015,0,ok,317351809,63.4146356024184,-88.9494612583487,10.9977,0.006,5562.0,catalog,False,4.60667,0.815289,0.98,1.80839,0.5731154,162.734,0.0503727,0.0215168726,0.00256362348,G,10-12,0.9561000000000012,0.4610000000000003,30.163295980379864,0,DWARF,STAR,4.611849094043062e+18,04133967-8856580,J041338.59-885657.8,planet_candidate,0.991,,0.0089,0.0,0.991,0.0,0.0001
TIC_318237210,1.529483,0.0005017,0.007,1654.619033,5.719,0.2351,0,ok,318237210,300.193278852847,-88.3055041928363,9.3803,0.006,6406.0,catalog,False,4.10841,1.66006,1.29,0.281982,4.181072,194.129,0.0818445,0.0372793972,0.00222958717,F,<10,0.7384800000000009,0.2910000000000003,17.226663250522428,0,DWARF,STAR,6.34146440876156e+18,20004647-8818199,J200046.24-881819.9,planet_candidate,0.9539,,0.0156,0.0242,0.9539,0.0,0.0062
TIC_369366139,10.532828,0.0002684,0.237,1635.975379,6.313,0.2278,0,ok,369366139,292.432951019592,-88.9315289784136,10.5379,0.0221,5920.0,catalog,False,,1.19126,,,,154.492,,0.008343431,0.00190044858,G,10-12,0.9922000000000004,0.427999999999999,28.47033543883879,-1,DWARF,STAR,6.341360646648912e+18,19294377-8855531,J192943.66-885553.6,planet_candidate,0.9952,,0.0022,0.0001,0.9952,0.0,0.0025
TIC_317328068,1.562704,0.00017009,0.327,1628.664183,6.477,0.2232,0,ok,317328068,57.0599970565741,-89.7728515954243,10.4027,0.006,6036.0,catalog,False,4.50025,0.985188,1.12,1.17128,1.16072583,166.641,0.0873584,0.243772462,0.002673366,F,10-12,0.8552,0.4749999999999996,27.904423811474768,0,DWARF,STAR,4.611690214612872e+18,03481414-8946221,J034822.98-894622.0,planet_candidate,0.9657,,0.0175,0.0145,0.9657,0.0,0.0023
TIC_318273916,7.004441,0.00030874,0.327,2040.444159,6.357,0.22,0,ok,318273916,302.822442602984,-88.25743494692,11.0389,0.006,6424.0,catalog,False,4.00865,1.86931,1.3,0.199022,5.361394,452.526,0.124587,0.122264639,0.0006672311,F,10-12,0.7891000000000012,0.2940000000000005,7.205347998153872,0,DWARF,STAR,6.341464825375791e+18,20111741-8815268,J201117.34-881526.8,planet_candidate,0.9976,,0.0005,0.001,0.9976,0.0,0.0009
TIC_451560638,3.386365,0.0004307,0.1245,1654.162679,6.097,0.2245,0,ok,451560638,268.614423497998,-89.7052528912995,11.0599,0.006,6880.0,catalog,False,4.13044,1.73944,1.49,0.283113,6.107534,474.289,0.120202,0.302909523,0.0007271889,F,10-12,0.6563999999999997,0.2300000000000004,13.396666346927509,0,DWARF,STAR,5.764618552510291e+18,17542722-8942188,J175426.61-894219.0,planet_candidate,0.9792,,0.0006,0.0181,0.9792,0.0,0.0021
TIC_405465759,1.311189,0.0001116,0.172,1628.949696,6.145,0.2251,0,ok,405465759,113.92302040021,-89.861007513913,10.3057,0.006,4655.0,catalog,False,4.55652,0.750568,0.74,1.7501,0.238316119,79.5457,0.0,0.0164053012,0.00449926872,K,10-12,1.279,0.6479999999999997,67.61090853649283,0,DWARF,STAR,5.188151340576028e+18,07354297-8951395,J073522.08-895139.4,planet_candidate,0.974,,0.0197,0.0041,0.974,0.0,0.0022
TIC_318273949,1.496819,8.746e-05,0.327,1628.325272,6.504,0.2347,0,ok,318273949,302.728894521404,-88.4300070777358,9.5584,0.006,6663.0,catalog,False,3.95863,2.0622,1.41,0.160779,7.55152369,276.799,0.0873029,0.002967348,0.00148896081,F,<10,0.6718600000000006,0.2469999999999999,20.69264355682956,0,DWARF,STAR,6.341412804731687e+18,20105521-8825479,J201055.23-882548.1,planet_candidate,0.9838,,0.0011,0.0051,0.9838,0.0,0.0101
TIC_468190615,2.386253,0.00108235,0.007,1629.086063,5.811,0.223,0,ok,468190615,320.73608004263,-88.6556909666356,11.0506,0.006,5191.0,catalog,False,4.67568,0.713569,0.88,2.422,0.3330969,128.108,0.0493181,0.00122274889,0.00291087,K,10-12,1.0920000000000003,0.5149999999999988,47.71708961891955,0,DWARF,STAR,6.341297454793245e+18,21225655-8839203,J212257.99-883920.7,planet_candidate,0.9633,,0.0356,0.0009,0.9633,0.0,0.0002
TIC_394758096,0.682442,0.00044424,0.0095,1628.768578,5.634,0.2165,0,ok,394758096,26.8946738220427,-87.9957192907749,10.9731,0.006,4815.0,catalog,False,,0.804394,,,,122.25,,0.08356641,0.0026204146,K,10-12,1.2387999999999997,0.6079999999999988,42.3553083438192,0,DWARF,STAR,4.612104726199385e+18,01473486-8759445,J014735.50-875944.4,planet_candidate,0.9651,,0.0294,0.0038,0.9651,0.0,0.0017
TIC_388242391,0.621964,0.00012007,0.0345,1628.274406,5.712,0.2387,0,ok,388242391,98.9696832977187,-89.3493304555453,9.7963,0.006,5701.0,catalog,False,4.59648,0.841575,1.02,1.71128,0.674038947,101.952,0.0404168,0.0230473243,0.005172064,G,<10,0.89696,0.455,98.1327725193271,0,DWARF,STAR,5.188235659373976e+18,06355233-8920576,J063550.84-892056.5,planet_candidate,0.9854,,0.0075,0.0045,0.9854,0.0,0.0026
TIC_451598465,1.556394,0.00042374,0.237,2036.907081,6.26,0.1532,0,ok,451598465,279.127992985149,-89.1841194212897,12.0078,0.006,5725.0,catalog,False,4.08066,1.52407,1.02,0.288126,2.24806523,479.647,0.11563,0.0294611566,0.0004915528,G,12-13,0.9878999999999998,0.375,13.24076929077763,0,DWARF,STAR,6.341350471868883e+18,18363062-8911027,J183630.26-891102.9,planet_candidate,0.9857,,0.005,0.0089,0.9857,0.0,0.0003
TIC_388242409,2.448526,0.0004018,0.025,2038.701973,5.66,0.2307,0,ok,388242409,98.3725507657388,-89.6572217208046,10.5375,0.006,5973.0,catalog,False,3.74915,2.31823,1.1,0.0882928,6.162776,396.397,0.122496,0.0136086028,0.0007198227,G,10-12,0.9202000000000012,0.3790000000000013,9.255252221414606,0,DWARF,STAR,5.188169246297348e+18,06332893-8939260,J063328.13-893926.0,planet_candidate,0.8504,,0.0024,0.1444,0.8504,0.0,0.0029
TIC_270278779,3.327699,0.00010834,0.237,1631.008623,5.673,0.234,0,ok,270278779,18.5302298188438,-88.8547765322466,9.8705,0.0061,5509.0,catalog,False,,1.03069,,,,110.295,,0.01939849,0.00363790523,G,<10,1.041549999999999,0.4989999999999988,20.137527157027005,-1,DWARF,STAR,4.611982684706085e+18,01140644-8851172,J011407.59-885117.0,planet_candidate,0.9975,,0.0009,0.0005,0.9975,0.0,0.0011
TIC_405476976,5.645161,0.00091537,0.005,1631.063657,5.472,0.2368,0,ok,405476976,15.5954628700234,-89.298940162582,9.7845,0.006,6058.0,catalog,False,4.53041,0.955806,1.13,1.2941,1.10854,126.921,0.0483864,0.0277459547,0.00424786145,F,<10,0.7976399999999995,0.33,102.2206583255068,0,DWARF,STAR,4.61177659499515e+18,01022216-8917562,J010228.33-891755.8,planet_candidate,0.9775,,0.0057,0.0009,0.9775,0.0,0.016
TIC_267168728,1.657004,0.00029355,0.018,1629.495804,5.516,0.2333,0,ok,267168728,50.3114739260103,-88.081099827981,10.0816,0.006,5788.0,catalog,False,4.60325,0.843187,1.04,1.73485,0.7188797,119.442,0.0422997,0.04540619,0.00443687243,G,10-12,0.8719999999999999,0.4760000000000008,170.64872580245068,0,DWARF,STAR,4.612124483048703e+18,03211466-8804518,J032117.44-880450.7,planet_candidate,0.9717,,0.0275,0.0006,0.9717,0.0,0.0003
TIC_257342510,5.366735,0.00193984,0.005,2037.580612,5.591,0.2274,0,ok,257342510,343.921622331916,-87.7369570437742,11.0234,0.006,5618.0,catalog,False,4.58704,0.838173,0.99,1.68126,0.630505145,171.01,0.0588287,0.00315713743,0.00233515468,G,10-12,0.9483999999999996,0.511000000000001,79.28629920087076,0,DWARF,STAR,6.341737263740847e+18,22554132-8744130,J225542.48-874413.3,planet_candidate,0.9933,,0.0064,0.0001,0.9933,0.0,0.0002
TIC_451527506,2.88875,0.0002597,0.0655,1628.197027,5.37,0.226,0,ok,451527506,260.015254151633,-89.1797190662773,9.7644,0.006,6218.0,catalog,False,4.25413,1.35382,1.2,0.483614,2.46842027,182.701,0.0670379,0.0146143241,0.00250575482,F,<10,0.7740999999999989,0.3509999999999991,17.358315767749474,0,DWARF,STAR,5.764655871483834e+18,17200365-8910470,J172003.60-891046.7,planet_candidate,0.9927,,0.0021,0.003,0.9927,0.0,0.0022
TIC_279799236,1.321447,0.0004954,0.0095,1629.288697,5.403,0.2329,0,ok,279799236,38.481452359551,-88.9254689605864,10.6308,0.006,5497.0,catalog,False,4.61052,0.803354,0.96,1.85161,0.53089875,133.191,0.0449834,0.07435959,0.003301346,G,10-12,0.9714000000000008,0.4919999999999991,58.99062101258132,0,DWARF,STAR,4.611812535281217e+18,02335557-8855316,J023356.27-885530.9,planet_candidate,0.989,,0.0107,0.0002,0.989,0.0,0.0001
TIC_419637774,2.927017,0.00157684,0.005,2037.059615,5.482,0.2193,0,ok,419637774,341.869125416219,-87.8069872337839,11.4476,0.006,6079.0,catalog,False,3.71319,2.45974,1.14,0.0766015,7.44392157,663.928,0.114191,0.04118416,0.000344394968,F,10-12,0.8773,0.4009999999999998,13.88523497165604,0,DWARF,STAR,6.341713997900814e+18,22472854-8748250,J224728.79-874825.2,planet_candidate,0.9843,,0.0024,0.0104,0.9843,0.0,0.003
TIC_468148894,8.44809,0.0002423,0.327,1634.518772,5.415,0.2279,0,ok,468148894,305.464966416238,-88.3805481588646,10.7549,0.006,5270.0,catalog,False,4.60706,0.780956,0.9,1.88957,0.423828453,125.776,0.051245,0.07095932,0.00304146064,G,10-12,1.0633,0.5139999999999993,61.17548668722138,0,DWARF,STAR,6.341413217048759e+18,20215140-8822500,J202150.14-882249.8,planet_candidate,0.9881,,0.0118,0.0,0.9881,0.0,0.0001
TIC_471016495,2.633085,0.0037422,0.013,1628.484547,5.663,0.2075,0,ok,471016495,35.7929,-88.1146,12.914,0.04,,missing,False,4.87941,0.372,0.382,7.42052,0.01807584,,,,,,12-13,,0.843,,0,DWARF,STAR,,02231007-8806525,J022307.58-880653.8,planet_candidate,0.9117,,0.0755,0.0124,0.9117,0.0,0.0005
TIC_451606547,1.67977,0.00045017,0.0655,2036.368365,5.491,0.2055,0,ok,451606547,283.634284056369,-88.8223869980921,11.1946,0.006,6149.0,catalog,False,4.25221,1.33974,1.17,0.486551,2.311805,329.101,0.1106,0.01946942,0.00101701485,F,10-12,0.8516999999999992,0.3559999999999998,35.68471531902699,0,DWARF,STAR,6.34137170618791e+18,18543234-8849207,J185431.44-884920.8,planet_candidate,0.9871,,0.0086,0.003,0.9871,0.0,0.0013
TIC_410339800,10.376556,0.00247102,0.007,2037.920473,5.394,0.231,0,ok,410339800,46.0859410695534,-89.3492961449414,11.3417,0.006,5596.0,catalog,False,4.36883,1.07755,0.99,0.791269,1.02583992,248.303,0.0775328,0.00872471,0.00132580858,G,10-12,0.9801000000000002,0.4350000000000005,10.218989812134074,0,DWARF,STAR,4.611719935786404e+18,03042049-8920574,J030420.93-892057.4,planet_candidate,0.9457,,0.0352,0.0011,0.9457,0.0,0.0181
TIC_257325189,1.014227,0.00032044,0.018,1629.009668,5.112,0.223,0,ok,257325189,339.263926893058,-87.6415352863036,10.0203,0.006,6120.0,catalog,False,4.53095,0.963624,1.15,1.28521,1.17358744,144.713,0.0509746,0.00572013156,0.00360592385,F,10-12,0.7822800000000001,0.395999999999999,9.966235864041147,0,DWARF,STAR,6.341719121799011e+18,22370339-8738293,J223703.21-873829.4,planet_candidate,0.9494,,0.033,0.0153,0.9494,0.0,0.0024
TIC_257738202,3.377505,0.00035124,0.0345,1628.614418,5.186,0.2369,0,ok,257738202,31.8130764251051,-88.8338008701089,10.4332,0.006,6122.0,catalog,False,4.49457,1.0092,1.16,1.12857,1.28890359,183.151,0.0527958,0.0300156027,0.00268522487,F,10-12,0.7841000000000005,0.3239999999999998,19.36282325086143,0,DWARF,STAR,4.612003506707367e+18,02071507-8850016,J020714.87-885001.8,planet_candidate,0.9873,,0.0105,0.0017,0.9873,0.0,0.0006
TIC_327856665,1.811971,0.00047486,0.025,1654.031396,5.08,0.2181,0,ok,327856665,359.504458074496,-88.5670538016674,10.7831,0.006,5733.0,catalog,False,,1.11542,,,,227.69,,0.0115995407,0.00182009814,G,10-12,0.8574000000000002,0.4149999999999991,48.94996322776964,0,DWARF,STAR,6.34125574636725e+18,23580106-8834013,J235802.49-883401.4,planet_candidate,0.9891,,0.009,0.0016,0.9891,0.0,0.0003
TIC_325561359,1.863293,0.0017968,0.025,2362.386199,5.278,0.1598,0,ok,325561359,4.47238146151669,-88.384005675507,12.8086,0.006,5538.0,catalog,False,3.98806,1.65344,0.97,0.214588,2.31677413,718.327,0.100992,0.045210138,0.0002808636,G,12-13,1.0305,0.4540000000000006,13.093288914875435,0,DWARF,STAR,4.612814018575484e+18,00175340-8823023,J001753.24-882302.5,planet_candidate,0.968,,0.0017,0.0237,0.968,0.0,0.0066
TIC_468182953,4.159681,0.00024093,0.327,2038.104621,5.329,0.2074,0,ok,468182953,316.115236720534,-88.5369572162412,10.9351,0.006,5908.0,catalog,False,4.59537,0.863055,1.07,1.66444,0.8175869,184.271,0.0617095,0.009574558,0.00235253526,G,10-12,0.8603000000000005,0.3539999999999992,29.99986001984009,0,DWARF,STAR,6.341302784849382e+18,21042775-8832130,J210428.33-883213.1,planet_candidate,0.9774,,0.0215,0.0001,0.9774,0.0,0.001
TIC_405459430,1.961911,0.00059337,0.0475,1653.947611,5.119,0.1865,0,ok,405459430,11.1427675838654,-88.2448897830428,11.7324,0.006,6201.0,catalog,False,4.42056,1.11308,1.19,0.862922,1.6504097,363.753,0.0856421,0.04112473,0.000960610865,F,10-12,0.803700000000001,0.3369999999999997,29.831478297668205,0,DWARF,STAR,4.612822260615504e+18,00443438-8814417,J004435.09-881441.6,planet_candidate,0.9952,,0.0028,0.0012,0.9952,0.0,0.0009
